url,title,text
https://www.fool.com/investing/2025/05/17/2-monster-stocks-to-buy-and-hold-for-the-long-term/,2 Monster Stocks to Buy and Hold for the Long Term,
https://www.fool.com/investing/2025/05/17/got-1000-to-invest-buy-this-top-vanguard-etf-and-n/,"Got $1,000 to Invest? Buy This Top Vanguard ETF and Never Look Back.",
https://www.fool.com/investing/2025/05/17/5-supercharged-growth-stocks-i-bought-during-last/,5 Supercharged Growth Stocks I Bought During Last Month's Stock Market Crash,
https://www.fool.com/investing/2025/05/17/roblox-partnership-with-google-could-be-game/,Roblox's Latest Partnership With Google Could Be Game-Changing,
https://www.fool.com/investing/how-to-invest/stocks/,How to Invest in Stocks: 5 Steps to Get Started,
https://www.fool.com/investing/stock-market/indexes/,What Is a Stock Market Index?,
https://www.fool.com/investing/how-to-invest/stocks/how-to-invest-in-nvidia-stock/,How to Invest in Nvidia Stock (NVDA),
https://www.fool.com/investing/stock-market/,What Is the Stock Market & How Does It Work?,
https://www.fool.com/investing/2025/05/17/high-yield-realty-income-is-a-buy-if-you-love-reli/,High-Yield Realty Income Is a Buy if You Love Reliable Dividend Stocks,
https://www.fool.com/investing/stock-market/market-sectors/energy/,Investing in Energy Stocks,
https://www.fool.com/investing/2025/05/17/warren-buffett-remains-optimistic-about-america/,Warren Buffett Remains Optimistic About America. Here Are Top American Companies Worth Investing In.,
https://www.fool.com/investing/how-to-invest/etfs/,How to Invest in ETFs for Beginners,
https://www.fool.com/investing/stock-market/market-sectors/real-estate-investing/,How to Invest in Real Estate: A Complete Guide,
https://www.fool.com/investing/stock-market/market-sectors/information-technology/ai-stocks/chatgpt/,What Is ChatGPT and How to Invest in It,
https://www.fool.com/investing/how-to-invest/stocks/compound-interest-accounts/,Accounts That Earn Compounding Interest,
https://www.fool.com/investing/2025/05/17/apple-is-threatening-to-challenge-alphabets-empire/,Apple Is Threatening to Challenge Alphabet's Empire: Is the Stock a Buy?,
https://www.fool.com/investing/how-to-invest/etfs/etfs-to-buy/,7 Best ETFs to Buy in May 2025,
https://www.fool.com/investing/stock-market/market-sectors/industrials/,Investing in Industrial Stocks,
https://www.fool.com/investing/stock-market/market-sectors/information-technology/ai-stocks/,Investing in AI Stocks: A Comprehensive Guide to the Future of Technology,
https://www.fool.com/investing/how-to-invest/stocks/how-to-buy-stock/,A Beginner's Guide to Buying Stock,
https://www.fool.com/investing/how-to-invest/portfolio-diversification/,Why Portfolio Diversification Matters & How to do it,
https://www.fool.com/investing/2025/05/17/1-monster-stock-to-hold-for-the-next-5-years/,1 Monster Stock to Hold for the Next 5 Years,
https://www.fool.com/investing/how-to-invest/stocks/how-to-invest-in-openai-stock/,How to Invest in OpenAI in 2025,
https://www.fool.com/investing/stock-market/types-of-stocks/dividend-stocks/dividend-kings/,Dividend Kings of 2025,
https://www.fool.com/investing/how-to-invest/what-to-invest-in/,8 Best Investments for 2025,
https://www.fool.com/investing/stock-market/market-sectors/consumer-staples/,Investing in Consumer Staples Stocks,
https://www.fool.com/investing/breakfast-news/,Wake up with Breakfast News!,
https://www.fool.com/investing/stock-market/market-sectors/materials/,Materials Stocks to Invest in 2025,
https://www.fool.com/investing/2025/05/17/this-billionaire-just-bet-big-on-a-controversial-a/,This Billionaire Just Bet Big on a Controversial AI Stock. Should You?,
https://www.fool.com/investing/2025/05/17/could-buying-energy-transfer-stock-today-set-you-u/,Could Buying Energy Transfer Stock Today Set You Up for Life?,
https://www.fool.com/investing/stock-market/market-sectors/healthcare/,Investing in the Best Healthcare Stocks,
https://www.fool.com/investing/how-to-invest/famous-investors/warren-buffett-investments/stocks-owned/,What's in Warren Buffett's Portfolio?,
https://www.fool.com/investing/2025/05/17/better-dividend-stock-ups-vs-ford/,Better Dividend Stock: UPS vs. Ford,
https://www.fool.com/investing/how-to-invest/stocks/how-to-invest-in-spacex-stock/,How to Invest in SpaceX in 2025,
https://www.fool.com/investing/2025/05/17/could-rigetti-computing-be-the-next-nvidia/,Could Rigetti Computing Be the Next Nvidia?,
https://www.fool.com/investing/how-to-invest/bonds/,How Bonds Work & How to Invest in Them,
https://www.fool.com/investing/stock-market/market-sectors/financials/cryptocurrency-stocks/next-crypto-to-explode/,What Is the Next Cryptocurrency to Explode in 2025?,
https://www.fool.com/investing/how-to-invest/stocks/how-to-invest-in-databricks/,How to Invest in Databricks,
https://www.fool.com/investing/2025/05/17/cathie-wood-is-buying-this-top-e-commerce-stock-th/,"Cathie Wood Is Buying This Top E-Commerce Stock That's Down 36%, and She Won't Stop Selling Palantir.",
https://www.fool.com/investing/how-to-invest/index-funds/best-index-funds/,8 Best Index Funds to Buy in May 2025,
https://www.fool.com/investing/stock-market/market-sectors/information-technology/,Investing in Tech Stocks,
https://www.fool.com/investing/2025/05/17/best-warren-buffett-stocks-buy-1000-right-now/,The Best Warren Buffett Stocks to Buy With $500 Right Now,
https://www.fool.com/investing/how-to-invest/stocks/how-many-shares-buy-stock/,How Many Shares Should I Buy of a Stock?,
https://www.fool.com/investing/top-stocks-to-buy-and-hold/,Top Stocks to Buy and Hold in 2025,
https://www.fool.com/investing/how-to-invest/stocks/investment-strategies/,Investment Strategies for the Long Term That Work,
https://www.fool.com/investing/2025/05/17/2-ai-stocks-im-buying-in-a-market-crash/,2 Artificial Intelligence (AI) Stocks I'm Buying If the Market Crashes,
https://www.fool.com/investing/how-to-invest/,How to Invest Money: A Step-by-Step Guide,
https://www.fool.com/investing/how-to-invest/index-funds/,Best Index Funds and How to Invest in Them,
https://www.fool.com/investing/2025/05/17/my-3-favorite-stocks-to-buy-right-now/,My 3 Favorite Stocks to Buy Right Now,
https://www.fool.com/investing/stock-market/market-sectors/,What Are the 11 Stock Market Sectors?,
https://www.fool.com/investing/how-to-invest/stocks/magnificent-seven/,Magnificent 7 Stocks: Your Guide to Investing,
https://www.fool.com/investing/stock-market/types-of-stocks/,Different Types of Stocks to Invest In: What Are They?,
https://www.fool.com/investing/2025/05/17/great-news-for-general-motors-investors/,Great News for General Motors Investors,
https://www.fool.com/investing/2025/05/17/amid-tariff-chaos-which-vehicles-are-most-american/,"Amid Tariff Chaos, Which Vehicles Are the Most American-Made?",
https://www.fool.com/investing/how-to-invest/stocks/good-time-to-buy-stocks/,Should I Buy Stock Now or Wait?,
https://www.fool.com/investing/2025/05/17/this-fintech-is-building-an-ai-powered-bank-book/,This Fintech Is Building an AI-Powered Bank on the Cheap -- and Trades for Less Than Book Value,
https://www.fool.com/investing/stock-market/types-of-stocks/growth-stocks/,Investing in Growth Stocks,
